{
    "建物現況格局_房": 3.0,
    "建物現況格局_廳": 2.0,
    "建物現況格局_衛": 2.0,
    "巷": 10.0,
    "弄": 0.0,
    "號": 21.0,
    "是否為巷弄宅": 1.0,
    "建物總坪數": 30.12,
    "土地坪數": 5.74,
    "車位坪數": 0.0,
    "車位總價_萬元": 0.0,
    "交易年": 2021.0,
    "有無管理": 1.0,
    "有無隔間": 1.0,
    "有無電梯": 0.0,
    "建物單價_元坪": 488091.0,
    "是否含裝潢": 0.0,
    "最終_總樓層數": 7.0,
    "最終_屋齡": 29.1,
    "緯度": 25.0109495,
    "經度": 121.5078035,
    "公車站數量_300m": 0.0,
    "超商數量_300m": 0.0,
    "餐廳數量_300m": 0.0,
    "咖啡廳數量_300m": 0.0,
    "速食店數量_300m": 0.0,
    "診所藥局數量_300m": 0.0,
    "銀行數量_300m": 0.0,
    "郵局數量_300m": 0.0,
    "停車場數量_300m": 0.0,
    "共享單車數量_300m": 0.0,
    "幼兒園數量_300m": 0.0,
    "超市數量_300m": 0.0,
    "學校數量_300m": 0.0,
    "圖書館數量_300m": 0.0,
    "公園綠地數量_300m": 0.0,
    "距離_捷運_頂溪站": 1046.0761694792993,
    "距離_捷運_永安市場站": 1185.0718034211968,
    "距離_橋樑_中正橋": 1589.937654661981,
    "距離_橋樑_永福橋": 1759.531185064631,
    "距離_橋樑_秀朗橋": 2637.4236255986584,
    "距離_學區_福和國中": 1566.6978178488737,
    "距離_學區_永和國中": 1678.4683849605449,
    "距離_學區_永平國小": 540.1665065620303,
    "距離_學區_秀朗國小": 2182.0440652267926,
    "距離_文教_新北市立圖書館永和分館": 1449.3308149671734,
    "距離_文教_永和忠孝圖書閱覽室": 1295.715343781922,
    "距離_文教_世界宗教博物館": 479.8733595767437,
    "距離_運動_永和國民運動中心": 1887.3442624649026,
    "距離_市場_樂華夜市": 832.5908870068322,
    "距離_市場_智光黃昏市場": 2296.748038599434,
    "距離_主要幹道_永和路": 1508.874002243047,
    "距離_主要幹道_中正路": 1114.7653700283354,
    "距離_主要幹道_竹林路": 1508.874002243047,
    "距離_主要幹道_福和路": 916.9048031317578,
    "距離_主要幹道_永貞路": 1431.7017745823982,
    "距離_捷運_景安站": 1910.823021272289,
    "距離_未來捷運_永和永平國小站": 516.745362927401,
    "距離_未來捷運_中和高中站": 1188.6838424925554,
    "距離_未來捷運_連城錦和站": 2213.5661378857485,
    "距離_公園_仁愛公園": 455.0009202569136,
    "距離_公園_八二三紀念公園(4號公園)": 1419.7025766156755,
    "距離_公園_福和運動公園": 2028.9194306941256,
    "距離_公園_永和綠光河岸公園": 1724.4447218287498,
    "距離_公園_永和綠寶石河濱公園": 628.5990445148238,
    "距離_公園_公一公園": 497.0313052630404,
    "距離_購物_比漾廣場": 487.6513708769143,
    "距離_購物_大潤發景平店": 2171.0650490686357,
    "距離_購物_大潤發中和店": 1152.3968767352271,
    "距離_購物_好市多中和店": 1942.68203388667,
    "距離_購物_愛買永和店": 2089.7944567214663,
    "距離_購物_家樂福中和店": 1552.9455001619594,
    "距離_購物_環球購物中心中和店": 3424.2406694380024,
    "距離_購物_家樂福超市永和永安店": 1053.2449364727706,
    "距離_購物_家樂福超市永和仁愛店": 731.9524282646275,
    "距離_購物_家樂福超市永和竹林店": 1410.8515790031927,
    "距離_購物_全聯永和中正店": 1456.1082164513125,
    "距離_購物_全聯永和福和店": 931.4576214842463,
    "距離_購物_全聯永和中山店": 575.8556762669521,
    "距離_購物_全聯永和永平店": 851.7588637830182,
    "距離_購物_全聯永和永安店": 1073.3148641885418,
    "距離_購物_全聯永和永貞店": 1352.7034836789956,
    "距離_購物_全聯永和警光店": 1532.7318189884195,
    "距離_購物_全聯永安捷運店": 1018.9155508439295,
    "距離_購物_全聯永和成功店": 2177.290335594811,
    "距離_購物_全聯永和永福店": 1603.540166030068,
    "距離_購物_全聯永和竹林店": 1546.793179964833,
    "距離_購物_全聯中和光華店": 622.400243336146,
    "距離_購物_全聯中和大勇店": 1828.647519768804,
    "距離_購物_全聯中和秀朗店": 2587.554153082167,
    "距離_購物_全聯中和福祥店": 1031.2380745026796,
    "距離_購物_全聯中和宜安店": 1506.3012725017945,
    "距離_市場_永安市場": 1176.2859680318873,
    "距離_市場_中興街(韓國街)": 1243.6630201449948,
    "距離_市場_博愛街(藝術街)": 1469.044114367807,
    "距離_行政_永和區公所": 1436.1230361220516,
    "距離_行政_永和戶政事務所": 1464.0286308122306,
    "距離_嫌惡_警察局_永和分局": 1504.988982913042,
    "距離_嫌惡_警察局_永和派出所": 949.1168889292769,
    "距離_嫌惡_警察局_新生派出所": 655.4990040249683,
    "距離_嫌惡_警察局_交通分隊": 834.9980514934368,
    "距離_嫌惡_警察局_中和國光派出所": 3894.5423060861567,
    "距離_嫌惡_宮廟_永和保福宮": 620.8715517124942,
    "距離_嫌惡_宮廟_永和福和宮": 651.3306932414955,
    "距離_嫌惡_宮廟_湄聖宮": 1059.6149010625975,
    "距離_嫌惡_宮廟_保福西王母總廟永和行宮": 740.0109796281549,
    "距離_嫌惡_宮廟_安和宮": 1107.8612044144566,
    "距離_嫌惡_宮廟_台北天旨保安宮": 2024.4289753602416,
    "距離_嫌惡_宮廟_永和福安宮": 1129.2397934957025,
    "距離_嫌惡_宮廟_廣慈宮": 1969.8060553137498,
    "距離_嫌惡_宮廟_永利佩鳳宮": 1613.2468688176127,
    "距離_嫌惡_宮廟_新北店仔街福德宮": 874.9720616647654,
    "距離_嫌惡_宮廟_永和秀朗福德宮": 2395.478418755755,
    "距離_嫌惡_宮廟_永和聖明宮": 1615.816179360757,
    "距離_嫌惡_宮廟_永和永德宮": 1691.4307658589976,
    "距離_嫌惡_宮廟_永和市南清宮": 1236.4998223054963,
    "距離_嫌惡_宮廟_秀朗聖安宮": 1905.0862121812447,
    "距離_嫌惡_宮廟_福和宮": 1183.9896329781545,
    "距離_嫌惡_宮廟_永和三聖五龍宮": 1390.1253387519496,
    "距離_最近橋樑": 1486.4676178331838,
    "距離_最近文教": 479.8733595767437,
    "距離_最近嫌惡": 547.3768858715744,
    "距離_最近學區": 378.6990194261759,
    "距離_最近未來捷運": 516.745362927401,
    "距離_最近捷運": 954.2466107682542,
    "距離_最近主要幹道": 916.9048031317578,
    "距離_最近購物": 257.99129532616837,
    "距離_最近行政": 1400.2795995652386,
    "距離_最近運動": 1887.3442624649026,
    "距離_最近市場": 743.8150652207437,
    "距離_最近公園": 196.4851759720285,
    "樓層比": 0.625,
    "主建物佔比": 0.75711723336869,
    "有無車位交易": 0.0,
    "最終_屋齡_X_樓層比": 15.261363636363637,
    "最終_總樓層數_X_樓層比": 5.0,
    "建物總坪數_X_樓層比": 18.25025,
    "最終_屋齡_X_距離_最近捷運": 21319.41208305665,
    "建物總坪數_X_距離_最近捷運": 27523.6238785454,
    "最終_屋齡_X_距離_最近未來捷運": 11218.677546450845
}